<?xml version="1.0" encoding="UTF-8"?>
<template>
    <t t-name="s_tp_hierarchical_category_wrapper">
        <div class="row">
            <t t-foreach="data" t-as="category">
                <div class="col-12 py-3 col-md-3">
                    <t t-call="#{widget.hierarchicalCategoryStyle}"/>
                </div>
            </t>
        </div>
    </t>

    <div t-name="s_tp_hierarchical_category_style_1" class="s_tp_hierarchical_category_style_1">
        <div class="tp-animation-scale">
            <a t-att-href="category.parentCategory.website_url">
                <img loading="lazy" t-att-alt="category.parentCategory.name" class="img my-2 o_image_128_max img-fluid" t-att-src="category.parentCategory.image_url" />
            </a>
        </div>
        <ul class="list-group mt-2">
            <li class="list-group-item px-2 mb-1 py-1 font-weight-bold text-dark border-0">
                <span t-att-title="category.parentCategory.name" class="mb-1 w-75 text-uppercase text-truncate d-block tp-hover-color-primary">
                    <a t-att-href="category.parentCategory.website_url"><t t-esc="category.parentCategory.name"/></a>
                </span>
            </li>
            <t t-foreach="category.childCategories" t-as="child">
                <li class="list-group-item px-2 py-1 border-0">
                    <span class="tp-hover-color-primary text-truncate d-block" t-att-title="child.name">
                        <small class="dri dri-chevron-right-l mr-2"/><a class="text-600" t-att-href="child.website_url"><t t-esc="child.name"/> <small t-if="child.category_lable_info" t-attf-class="ml-2 tp-category-label-color-#{child.category_lable_info.color}" t-esc="child.category_lable_info.name"> </small></a>
                    </span>
                </li>
            </t>
        </ul>
    </div>

    <div t-name="s_tp_hierarchical_category_style_2" class="s_tp_hierarchical_category_style_2">
        <ul class="list-group">
            <li class="list-group-item px-2 mb-1 py-1 font-weight-bold text-dark border-0">
                <span t-att-title="category.parentCategory.name"  class="mb-1 pb-2 tp-underline-title text-uppercase tp-hover-color-primary">
                    <a t-att-href="category.parentCategory.website_url"><t t-esc="category.parentCategory.name"/></a>
                </span>
            </li>
            <t t-foreach="category.childCategories" t-as="child">
                <li class="list-group-item px-2 py-1 border-0">
                    <span class="tp-hover-color-primary" t-att-title="child.name">
                        <a class="text-600" t-att-href="child.website_url"><t t-esc="child.name"/> <small t-if="child.category_lable_info" t-attf-class="ml-2 tp-category-label-color-#{child.category_lable_info.color}" t-esc="child.category_lable_info.name"> </small></a>
                    </span>
                </li>
            </t>
        </ul>
    </div>

    <div t-name="s_tp_hierarchical_category_style_3" class="s_tp_hierarchical_category_style_3">
        <div class="tp-cate-3-img position-relative">
            <a t-att-href="category.parentCategory.website_url">
                <img loading="lazy" class="img w-100 tp-category-cover-image img-fluid" t-att-src="category.parentCategory.cover_image"/>
                <p class="tp-category-name text-white d-block w-100 font-weight-bold text-center text-truncate mb-0" t-esc="category.parentCategory.name"></p>
            </a>
        </div>
        <ul class="list-unstyled pt-2">
            <t t-foreach="category.childCategories" t-as="child">
                <li class="list-group-item px-2 py-1 border-0">
                    <span class="tp-hover-color-primary" t-att-title="child.name">
                        <small class="dri dri-chevron-right-l mr-2"/> <a class="text-600" t-att-href="child.website_url"><t t-esc="child.name"/> <small t-if="child.category_lable_info" t-attf-class="ml-2 tp-category-label-color-#{child.category_lable_info.color}" t-esc="child.category_lable_info.name"> </small></a>
                    </span>
                </li>
            </t>
        </ul>
    </div>
</template>
