<?xml version="1.0" ?>
<templates>
    <div t-name="theme_prime.product_quick_view">
        <div class="d_product_quick_view_wrapper">
            <div class="d_product_quick_view_loader d_spinner_loader d-flex align-items-center justify-content-center">
                <div class="bounce1 d-inline-block rounded-circle mr-2"></div>
                <div class="bounce2 d-inline-block rounded-circle mr-2"></div>
                <div class="bounce3 d-inline-block rounded-circle mr-2"></div>
            </div>
        </div>
    </div>
</templates>
