<?xml version="1.0" ?>
<templates>
    <div t-name="theme_prime.cart_confirmation_dialog">
        <div class="container-fluid">
            <div class="row">
                <div class="col-md-6 text-center border-right py-3 dr-confim-col">
                    <span class="dr-confirm-product-image d-inline-block">
                        <img class="img img-fluid w-50 rounded-circle" t-attf-src="/web/image/product.product/#{widget.data.product_id}/image_1024"/>
                        <span class="fa fa-check fa-2x text-primary"></span>
                    </span>
                    <h5 class="text-primary mt-4 mb-1">
                        <t t-esc="widget.data.product_name"/>
                    </h5>
                    <div class="lead text-black">Added successfully to cart.</div>
                </div>
                <div class="col-md-6 text-center py-3 d-flex d-flex flex-column justify-content-center">
                    <p class="text-muted mb-2"> There are <b t-esc="widget.data.cart_quantity"/> items in your cart.</p>
                    <h5> Cart Total: <span class="text-primary"> <t t-raw="widget.data.cart_amount_html"/> </span> </h5>
                    <div class="mt-3">
                        <button class="btn btn-primary mb-2 mr-2" data-dismiss="modal"> Continue Shopping </button>
                        <a href="/shop/cart" class="btn btn-outline-primary d_view_cart mb-2"> View Cart </a>
                    </div>
                </div>
                <div class="col-md-12 text-left pt-10 border-top mb-3 d-none d-md-block" t-if="widget.data.accessory_product_ids.length">
                    <div class="mt-4">
                        <h4 class="s_d_full_title">
                            <span class="s_d_title_text">
                                <p class="mb-0 d-inline-block o_default_snippet_text">You may also like</p>
                            </span>
                        </h4>
                    </div>
                    <div class="s_d_product_small_block droggol_product_snippet in_confirm_dialog" data-ds-id="s_d_product_small_block" data-empty-message="No products are selected." data-sub-message="Please select products from snippet option." t-attf-data-products-params='{"selectionType":"manual","productIDs": #{widget.data.accessory_product_ids_str}}'>
                    </div>
                </div>
            </div>
        </div>
    </div>
</templates>
