<?xml version="1.0" ?>
<templates>
    <div t-name="theme_prime.snippet_configurator_dialog">
        <div class="container h-100 p-0">
            <div class="row h-100 no-gutters">
                <div class="col-3 col-lg-2 dr-config-left d-flex flex-column">
                    <h4 class="mb-0 config-title text-center"> <i class="fa fa-cog mr-1"></i> <t t-esc="widget.title"/> </h4>
                    <ul class="nav nav-pills flex-column" id="myTab" role="tablist">
                        <t t-foreach="widget.tabs" t-as="tab">
                            <li class="nav-item pl-3">
                                <a t-attf-class="font-weight-bold nav-link p-3 #{tab_index === 0 ? 'active' : ''}" data-toggle="tab" t-attf-href="#{'#'+tab.name}" role="tab" aria-selected="true">
                                    <i t-attf-class="mr-1 #{tab.icon}"/> <t t-esc="tab.label"/>
                                </a>
                            </li>
                        </t>
                    </ul>
                    <div class="px-4 mt-auto mb-2">
                        <button class="btn btn-block btn-secondary text-primary shadow-sm tp-save-btn font-weight-bold">
                            Save
                        </button>
                        <button style="text-shadow: 1px 1px 1px rgba(10, 10, 10, 0.29);" class="btn text-white btn-block btn-link tp-close-btn">
                            Discard
                        </button>
                    </div>
                </div>
                <div class="col-9 col-lg-10 p-3 dr-config-right">
                    <div class="tab-content" id="myTabContent">
                        <t t-foreach="widget.tabs" t-as="tab">
                            <div t-attf-class="tab-pane fade  #{tab_index === 0 ? 'show active' : ''}" t-att-id="tab.name" role="tabpanel"/>
                        </t>
                    </div>
                </div>
            </div>
        </div>
    </div>

</templates>
