<?xml version="1.0" encoding="UTF-8"?>
<templates>

    <div t-name="drg_domain_builder" class="drg_domain_builder">
        <div class="dr_templates_container d-none bg-white p-3" style="overflow: auto;">
            <div class="row">
                <div class="col-md-12 mb-3">
                    <h4 class="mb-2">
                        Choose Template
                        <i class="fa fa-info-circle dr-template-help" > </i>
                        <button class="btn btn-link tp-back-to-domain pull-right"><i class="text-right fa fa-close"></i></button>
                    </h4>
                    <div class="text-white mb-2"> </div>
                </div>
                <t t-foreach="widget.domainTemplates" t-as="template">
                    <div class="col-md-4 mt-3 pb-3">
                        <div class="card shadow-sm h-100 dr-choose-template" t-att-data-template-index="template_index or '0'" style="border-radius:3px; cursor: pointer;">
                            <div class="card-body text-center">
                                <i t-attf-class="#{template.icon}" style="border-radius: 3px; height: 50px; width: 50px; line-height: 50px; font-size: 22px;"> </i>
                                <h6 class="mt-3 mb-0" t-esc="template.name"/>
                                <small class="m-0 text-muted" t-esc="template.desc"/>
                            </div>
                        </div>
                    </div>
                </t>
            </div>
        </div>
        <h5 class="mt-3 d-inline-block"> <i class="fa fa-filter text-primary"></i> Build Rules</h5>
        <a class="btn btn-outline-primary btn-sm drg_domain_templates mt-3 pull-right" href="#">
            <i class="fa fa-mouse-pointer"/> Choose from templates </a>
        <hr class="mt-0"/>
        <div class="mb-2"> Match products with
        <div class="btn-group">
            <button type="button" class="btn btn-primary btn-sm dropdown-toggle db_condition_btn" data-toggle="dropdown" data-condition="all">
                All
            </button>
            <div class="dropdown-menu">
                <a class="dropdown-item db_condition" data-condition="all" href="#">All</a>
                <a class="dropdown-item db_condition" data-condition="any" href="#">Any</a>
            </div>
        </div>
        of the following rules
        <button type="button" class="btn btn-secondary btn-sm db_view_products pull-right">
            View selected products
        </button>
        </div>
        <div class="drg_rule_container">
        </div>
        <a class="btn btn-outline-primary btn-sm rounded-circle drg_add_rule mt-1" href="#"> <i class="fa fa-plus-circle"/> Add new rule </a>
        <h5 class="mt-5"><i class="fa fa-cog text-primary"></i> Options</h5>
        <hr class="mt-0"/>
        <div class="row form-group mb-0 d_category_input_group">
            <div class="col-3">
                <label for="d_domain_limit_input" class="d-block h6">Products Limit</label>
                <input type="number" min="1" max="20" class="form-control" id="d_domain_limit_input" t-att-value="widget.limit"/>
            </div>
            <div class="col-3">
                <label for="d_domain_sort_by_input" class="d-block h6">Sort By</label>
                <select id="d_domain_sort_by_input" class="form-control">
                    <t t-foreach="widget.sortByVals" t-as="sort">
                        <option t-att-value="sort" t-att-selected="sort === widget.sortBy ? 'selected' : undefined">
                            <t t-esc="sort_value"/>
                        </option>
                    </t>
                </select>
            </div>
        </div>
    </div>

    <t t-name="drg_domain_builder_row">
        <div class="form-row align-items-center" t-att-id="widget.ruleId">
            <div class="col-sm-3 my-1">
                <select class="custom-select mr-sm-2 db_input_field">
                    <t t-foreach="widget.fields" t-as="f">
                        <option t-att-value="f.name"> <t t-esc="f.label"/> </option>
                    </t>
                </select>
            </div>
            <div class="col-sm-3 my-1 db_operator_col">
                <select class="custom-select mr-sm-2 db_input_operator">
                    <option value="f.name"> Operator... </option>
                </select>
            </div>
            <div class="col-sm-5 my-1 db_value_col">
                <div class="border pl-1 pr-1 pt-1 pill_container">
                    <input type="text" class="border-0 db_input_value mb-1" placeholder="Select..."/>
                </div>
            </div>
            <div class="col-sm-2 my-1 db_value_range_col d-none">
                <input type="text" class="form-control db_row_min mb-1" placeholder="Min"/>
            </div>
            <div class="col-sm-1 my-1 db_value_range_col d-none text-center">
                - and -
            </div>
            <div class="col-sm-2 my-1 db_value_range_col d-none">
                <input type="text" class="form-control db_row_max mb-1" placeholder="Max"/>
            </div>
            <div class="col-sm-1 my-1">
                <a href="#" class="text-danger drg_remove_rule"><i class="fa fa-times-circle"/> </a>
            </div>
        </div>
    </t>

    <t t-name="drg_domain_builder_row_operator">
        <select class="custom-select mr-sm-2 db_input_operator">
            <t t-foreach="operators" t-as="o">
                <option t-att-value="o"> <t t-esc="operators[o]"/> </option>
            </t>
        </select>
    </t>

    <t t-name="drg_domain_builder_row_pill">
        <span class="badge badge-primary mr-1 mb-1 pr-4" t-att-id="value">
            <t t-esc="label"/> <i class="fa fa-times pill_remove"/>
        </span>
    </t>

    <div t-name="drg_domain_builder_products">
        <div t-if="products.length" class="row">
            <t t-foreach="products" t-as="product">
                <div class="col-4">
                    <div class="card my-2 d_products_card rounded-0" style="max-width: 540px;">
                        <div class="row no-gutters">
                            <div class="col-md-3 border-right">
                                <img t-att-src="product.img_small" class="card-img o_image_64_contain"/>
                            </div>
                            <div class="col-md-9">
                                <div class="card-body p-2">
                                    <div class="card-title text-truncate mb-0" t-esc="product.name"/>
                                    <div>
                                        <small class="text-dark" t-raw="product.price"/>
                                        <small t-if="product.has_discounted_price" class="text-danger" style="text-decoration: line-through; white-space: nowrap;" t-raw="product.list_price"/>
                                    </div>
                                </div>
                            </div>
                        </div>
                    </div>
                </div>
            </t>
        </div>
        <div t-else="" class="py-3">
            <div>Oops, there are no products for your selection.</div>
        </div>
    </div>

</templates>
